Date,Total Sales,Number of Transactions,Total Hours Worked,Number of Staff
2020-01-01,3232,50,188,12
2020-01-02,3107,261,93,17
2020-01-03,2153,184,56,11
2020-01-04,3764,271,50,8
2020-01-05,1533,117,101,10
2020-01-06,4873,81,146,16
2020-01-07,3968,79,73,17
2020-01-08,1205,66,68,10
2020-01-09,3099,245,82,9
2020-01-10,2635,76,52,8
2020-01-11,2722,56,62,7
2020-01-12,3397,283,114,6
2020-01-13,2201,279,176,17
2020-01-14,1037,61,122,14
2020-01-15,3393,131,53,11
2020-01-16,2663,105,191,15
2020-01-17,2546,175,176,17
2020-01-18,2371,93,181,5
2020-01-19,2996,117,184,5
2020-01-20,599,70,198,11
2020-01-21,2508,269,108,8
2020-01-22,1255,169,52,14
2020-01-23,1297,270,108,13
2020-01-24,1159,64,160,8
2020-01-25,3719,64,132,16
2020-01-26,923,130,130,8
2020-01-27,3837,277,107,18
2020-01-28,3245,241,83,15
2020-01-29,1044,167,119,12
2020-01-30,1214,280,129,14
2020-01-31,2792,93,139,9
2020-02-01,651,205,74,16
2020-02-02,3223,152,150,17
2020-02-03,4031,265,171,13
2020-02-04,3430,198,114,11
2020-02-05,1707,73,127,11
2020-02-06,1302,84,62,12
2020-02-07,2676,82,163,7
2020-02-08,2676,115,99,10
2020-02-09,2456,72,181,9
2020-02-10,4122,71,165,16
2020-02-11,4060,235,191,15
2020-02-12,1256,118,125,16
2020-02-13,4869,95,67,15
2020-02-14,4984,282,118,17
2020-02-15,2141,217,97,17
2020-02-16,3614,74,124,5
2020-02-17,4853,136,166,10
2020-02-18,4571,67,152,14
2020-02-19,4509,230,86,11
2020-02-20,2605,268,75,18
2020-02-21,4442,186,85,11
2020-02-22,3691,55,114,16
2020-02-23,930,275,58,16
2020-02-24,4687,136,56,13
2020-02-25,2946,132,151,18
2020-02-26,3159,60,185,15
2020-02-27,2089,112,132,19
2020-02-28,3456,79,170,10
2020-02-29,3181,189,67,7
2020-03-01,4680,208,53,17
2020-03-02,2751,121,176,19
2020-03-03,4920,108,58,17
2020-03-04,1571,272,97,8
2020-03-05,1704,92,93,12
2020-03-06,4418,263,53,14
2020-03-07,1667,121,94,8
2020-03-08,2184,203,125,10
2020-03-09,3799,286,99,15
2020-03-10,3267,104,100,6
2020-03-11,3457,168,188,6
2020-03-12,4969,133,152,5
2020-03-13,1060,75,112,9
2020-03-14,2105,223,132,14
2020-03-15,1972,171,112,18
2020-03-16,4178,284,167,16
2020-03-17,756,181,135,15
2020-03-18,4262,166,139,17
2020-03-19,2454,262,51,18
2020-03-20,1316,291,199,16
2020-03-21,2935,133,188,15
2020-03-22,2134,299,170,8
2020-03-23,1473,87,63,8
2020-03-24,4964,211,116,9
2020-03-25,2523,238,185,15
2020-03-26,3465,158,90,8
2020-03-27,701,267,106,14
2020-03-28,2931,57,135,10
2020-03-29,2918,238,87,18
2020-03-30,3955,215,184,17
2020-03-31,4726,134,50,13
2020-04-01,1431,148,186,6
2020-04-02,2487,66,173,15
2020-04-03,3287,223,142,18
2020-04-04,4805,282,113,14
2020-04-05,3110,217,107,8
2020-04-06,4682,83,150,5
2020-04-07,2559,147,89,11
2020-04-08,807,115,159,19
2020-04-09,1652,251,141,9
2020-04-10,775,137,145,19
2020-04-11,1708,118,123,12
2020-04-12,2992,74,170,11
2020-04-13,3036,56,57,10
2020-04-14,1137,147,149,11
2020-04-15,1270,164,78,5
2020-04-16,594,110,172,12
2020-04-17,3798,266,135,12
2020-04-18,2844,111,61,18
2020-04-19,3591,294,53,6
2020-04-20,4412,237,68,5
2020-04-21,1934,297,96,15
2020-04-22,680,171,155,18
2020-04-23,2871,252,195,16
2020-04-24,4354,79,161,16
2020-04-25,2687,289,104,7
2020-04-26,3146,298,161,16
2020-04-27,4033,78,197,11
2020-04-28,3437,202,121,11
2020-04-29,2145,181,151,12
2020-04-30,2052,260,160,9
2020-05-01,3724,199,124,8
2020-05-02,2697,56,169,19
2020-05-03,1634,134,119,8
2020-05-04,525,71,96,10
2020-05-05,1988,169,161,6
2020-05-06,1456,77,179,5
2020-05-07,2413,204,176,16
2020-05-08,3434,267,154,6
2020-05-09,1969,242,163,7
2020-05-10,3221,160,169,10
2020-05-11,2396,181,95,17
2020-05-12,1428,103,160,15
2020-05-13,3311,87,168,19
2020-05-14,969,57,114,9
2020-05-15,2835,170,151,14
2020-05-16,1025,130,55,7
2020-05-17,2363,253,159,14
2020-05-18,2220,189,85,11
2020-05-19,1091,286,159,9
2020-05-20,2822,180,85,16
2020-05-21,4010,104,174,6
2020-05-22,707,55,154,5
2020-05-23,4762,67,141,16
2020-05-24,3921,175,187,12
2020-05-25,4589,128,93,16
2020-05-26,2410,183,181,13
2020-05-27,3360,128,157,7
2020-05-28,716,131,189,13
2020-05-29,524,283,156,10
2020-05-30,4663,160,182,8
2020-05-31,3526,158,110,7
2020-06-01,2782,80,52,7
2020-06-02,2240,148,119,17
2020-06-03,4887,53,97,11
2020-06-04,4281,178,195,13
2020-06-05,3275,143,129,19
2020-06-06,3103,94,91,16
2020-06-07,1662,222,154,6
2020-06-08,4575,286,53,9
2020-06-09,1123,177,96,18
2020-06-10,1270,165,162,18
2020-06-11,4551,239,101,6
2020-06-12,1741,50,147,15
2020-06-13,3211,67,61,8
2020-06-14,1321,207,153,12
2020-06-15,4903,141,112,18
2020-06-16,1698,212,186,18
2020-06-17,3497,292,181,8
2020-06-18,3095,293,157,19
2020-06-19,1307,278,104,19
2020-06-20,3965,237,104,5
2020-06-21,2621,71,75,16
2020-06-22,4893,113,159,12
2020-06-23,4386,272,184,8
2020-06-24,1230,298,121,19
2020-06-25,2295,151,143,19
2020-06-26,2323,195,88,5
2020-06-27,3966,88,57,13
2020-06-28,4111,257,164,8
2020-06-29,699,179,79,16
2020-06-30,1947,193,101,12
2020-07-01,2889,283,195,9
2020-07-02,3616,264,93,6
2020-07-03,3350,287,98,11
2020-07-04,2454,67,156,19
2020-07-05,2292,286,179,17
2020-07-06,1983,231,156,9
2020-07-07,697,200,103,15
2020-07-08,1394,255,177,8
2020-07-09,636,164,106,17
2020-07-10,2737,225,193,11
2020-07-11,2757,244,130,19
2020-07-12,1892,61,155,11
2020-07-13,3919,187,198,16
2020-07-14,668,292,104,9
2020-07-15,3352,90,178,7
2020-07-16,4772,232,173,12
2020-07-17,2061,229,99,8
2020-07-18,4919,97,180,6
2020-07-19,1008,54,181,15
2020-07-20,3686,188,80,5
2020-07-21,2277,291,63,11
2020-07-22,3861,184,70,6
2020-07-23,646,168,166,19
2020-07-24,4817,222,125,18
2020-07-25,3062,122,61,10
2020-07-26,1408,186,183,19
2020-07-27,3313,250,162,9
2020-07-28,4195,286,194,11
2020-07-29,3913,279,186,16
2020-07-30,923,68,77,8
2020-07-31,4123,52,184,6
2020-08-01,4234,247,158,19
2020-08-02,3986,271,92,12
2020-08-03,4229,299,182,19
2020-08-04,1467,279,193,12
2020-08-05,4870,150,178,13
2020-08-06,1360,156,87,16
2020-08-07,933,207,56,18
2020-08-08,1929,205,143,5
2020-08-09,4797,195,108,5
2020-08-10,4429,236,161,7
2020-08-11,3046,189,126,11
2020-08-12,829,99,114,6
2020-08-13,4112,122,100,14
2020-08-14,709,138,158,14
2020-08-15,4468,53,100,10
2020-08-16,1540,162,185,17
2020-08-17,664,61,76,6
2020-08-18,1106,107,111,12
2020-08-19,1719,228,64,8
2020-08-20,1831,193,113,16
2020-08-21,4732,235,135,14
2020-08-22,1452,181,102,8
2020-08-23,3665,168,185,7
2020-08-24,3298,278,86,9
2020-08-25,660,238,198,10
2020-08-26,2695,217,88,9
2020-08-27,1611,263,182,11
2020-08-28,3585,207,194,13
2020-08-29,2408,231,161,5
2020-08-30,3499,117,161,18
2020-08-31,3263,106,64,17
2020-09-01,1232,253,177,14
2020-09-02,781,169,65,11
2020-09-03,4354,129,192,12
2020-09-04,1808,95,188,14
2020-09-05,3896,140,54,15
2020-09-06,1095,129,134,11
2020-09-07,1147,275,155,18
2020-09-08,4540,61,102,10
2020-09-09,1073,297,103,9
2020-09-10,756,183,117,18
2020-09-11,3708,208,94,12
2020-09-12,3779,236,174,8
2020-09-13,1528,118,52,11
2020-09-14,4944,109,116,8
2020-09-15,3489,82,73,12
2020-09-16,1086,87,78,13
2020-09-17,3791,221,103,18
2020-09-18,3367,175,196,9
2020-09-19,1239,110,161,13
2020-09-20,3945,95,115,7
2020-09-21,937,79,118,11
2020-09-22,4398,205,86,11
2020-09-23,4511,281,131,10
2020-09-24,2347,77,74,19
2020-09-25,2032,79,157,12
2020-09-26,1520,176,126,13
2020-09-27,1441,122,84,7
2020-09-28,3403,125,135,17
2020-09-29,949,147,106,7
2020-09-30,3898,256,113,5
2020-10-01,3625,88,86,18
2020-10-02,1316,61,157,17
2020-10-03,2607,252,56,13
2020-10-04,2190,296,195,16
2020-10-05,4759,139,81,18
2020-10-06,4142,82,164,6
2020-10-07,1445,228,56,15
2020-10-08,701,90,66,15
2020-10-09,2305,248,80,18
2020-10-10,2362,80,78,14
2020-10-11,1050,200,177,18
2020-10-12,4251,173,152,15
2020-10-13,2172,125,88,15
2020-10-14,2540,85,79,12
2020-10-15,1403,262,52,10
2020-10-16,1004,246,133,16
2020-10-17,4311,113,126,18
2020-10-18,1979,54,196,12
2020-10-19,4996,227,114,17
2020-10-20,3628,166,67,10
2020-10-21,4321,207,54,11
2020-10-22,3211,241,182,7
2020-10-23,780,111,196,16
2020-10-24,1528,141,64,18
2020-10-25,3160,161,60,15
2020-10-26,2853,261,100,12
2020-10-27,2891,154,84,12
2020-10-28,653,140,53,18
2020-10-29,4360,76,58,9
2020-10-30,2905,123,132,19
2020-10-31,3245,228,118,8
2020-11-01,1553,273,185,15
2020-11-02,3477,144,156,8
2020-11-03,4393,67,143,10
2020-11-04,3179,249,85,10
2020-11-05,3495,106,96,11
2020-11-06,4603,293,108,6
2020-11-07,3165,85,181,7
2020-11-08,3557,251,116,5
2020-11-09,4468,270,53,17
2020-11-10,1351,97,121,19
2020-11-11,1900,98,116,18
2020-11-12,4293,169,162,7
2020-11-13,3831,249,121,10
2020-11-14,626,167,60,7
2020-11-15,1077,117,159,5
2020-11-16,1304,173,173,8
2020-11-17,3524,249,162,17
2020-11-18,612,112,171,13
2020-11-19,2467,250,55,17
2020-11-20,1150,87,90,15
2020-11-21,4833,55,184,17
2020-11-22,1884,147,78,8
2020-11-23,563,105,183,14
2020-11-24,4499,270,124,17
2020-11-25,4488,224,185,6
2020-11-26,3002,88,79,16
2020-11-27,4016,99,150,5
2020-11-28,3171,58,132,18
2020-11-29,2887,172,97,17
2020-11-30,2368,243,113,11
2020-12-01,3941,116,173,9
2020-12-02,2774,112,91,17
2020-12-03,2463,66,79,11
2020-12-04,3456,239,146,9
2020-12-05,4398,244,99,19
2020-12-06,4469,61,102,6
2020-12-07,1198,209,75,8
2020-12-08,792,188,86,14
2020-12-09,1337,70,197,11
2020-12-10,4599,150,146,19
2020-12-11,4622,64,141,15
2020-12-12,1236,170,106,19
2020-12-13,2796,102,106,7
2020-12-14,4961,249,78,13
2020-12-15,2471,207,55,13
2020-12-16,3773,183,135,19
2020-12-17,697,64,84,17
2020-12-18,2171,164,179,7
2020-12-19,3185,288,143,14
2020-12-20,1106,257,64,8
2020-12-21,2620,101,80,7
2020-12-22,4842,82,187,15
2020-12-23,1659,201,77,6
2020-12-24,2231,299,185,15
2020-12-25,2761,141,143,18
2020-12-26,3895,56,142,6
2020-12-27,2875,251,163,10
2020-12-28,1095,170,135,11
2020-12-29,2804,115,198,6
2020-12-30,4217,125,63,12
2020-12-31,3919,137,159,14
2021-01-01,1631,248,104,19
2021-01-02,2503,90,176,14
2021-01-03,4091,238,122,11
2021-01-04,3721,86,108,7
2021-01-05,2521,190,153,7
2021-01-06,2207,213,158,16
2021-01-07,2082,112,123,11
2021-01-08,500,247,99,13
2021-01-09,1191,112,67,10
2021-01-10,3646,236,99,16
2021-01-11,3047,126,139,11
2021-01-12,3286,68,165,18
2021-01-13,3183,178,140,14
2021-01-14,843,51,63,17
2021-01-15,4878,262,81,16
2021-01-16,3687,255,174,17
2021-01-17,1327,140,71,17
2021-01-18,2349,162,147,18
2021-01-19,2721,157,51,10
2021-01-20,3704,199,120,7
2021-01-21,4013,128,84,14
2021-01-22,593,63,96,13
2021-01-23,2967,282,140,10
2021-01-24,4278,117,195,13
2021-01-25,904,155,162,13
2021-01-26,1709,195,62,5
2021-01-27,875,55,102,5
2021-01-28,4445,76,97,17
2021-01-29,3250,241,166,9
2021-01-30,997,205,162,9
2021-01-31,1938,285,114,14
2021-02-01,1238,287,110,16
2021-02-02,3790,219,150,10
2021-02-03,2475,63,152,7
2021-02-04,2062,95,142,12
2021-02-05,960,226,129,19
2021-02-06,4174,106,152,11
2021-02-07,3623,108,98,17
2021-02-08,2338,67,57,6
2021-02-09,1968,264,87,12
2021-02-10,3966,145,116,14
2021-02-11,4543,267,127,18
2021-02-12,4923,270,70,7
2021-02-13,3487,255,96,5
2021-02-14,3963,185,82,14
2021-02-15,3792,76,102,11
2021-02-16,3381,67,197,12
2021-02-17,3408,246,72,16
2021-02-18,834,93,136,8
2021-02-19,1241,225,110,8
2021-02-20,1743,272,111,11
2021-02-21,600,175,88,6
2021-02-22,2963,142,159,6
2021-02-23,2769,299,195,10
2021-02-24,674,122,102,6
2021-02-25,1105,236,84,6
2021-02-26,4245,77,191,8
2021-02-27,4308,56,67,11
2021-02-28,2269,185,81,10
2021-03-01,1348,231,71,15
2021-03-02,1590,169,159,7
2021-03-03,2673,298,179,6
2021-03-04,1662,76,119,8
2021-03-05,1679,173,113,18
2021-03-06,1196,253,142,7
2021-03-07,4917,87,152,16
2021-03-08,2996,143,164,6
2021-03-09,3257,227,118,19
2021-03-10,4428,70,185,14
2021-03-11,4547,271,117,17
2021-03-12,2551,169,104,14
2021-03-13,3810,234,71,16
2021-03-14,2247,239,199,14
2021-03-15,3404,233,107,5
2021-03-16,1402,270,116,17
2021-03-17,4368,201,97,14
2021-03-18,1104,235,82,14
2021-03-19,4186,187,153,17
2021-03-20,1369,178,195,19
2021-03-21,3951,152,187,5
2021-03-22,4281,197,149,10
2021-03-23,1853,249,136,9
2021-03-24,600,100,55,16
2021-03-25,1345,88,187,8
2021-03-26,1171,245,168,13
2021-03-27,4165,208,115,14
2021-03-28,3607,87,183,17
2021-03-29,737,234,185,7
2021-03-30,1805,176,69,5
2021-03-31,521,283,101,17
2021-04-01,1753,183,191,9
2021-04-02,900,109,61,13
2021-04-03,1506,258,137,15
2021-04-04,3691,268,152,8
2021-04-05,2201,239,104,18
2021-04-06,2234,81,125,18
2021-04-07,3918,248,90,16
2021-04-08,1086,139,145,14
2021-04-09,1330,253,53,12
2021-04-10,2108,195,180,10
2021-04-11,3705,81,52,18
2021-04-12,1837,209,75,6
2021-04-13,4047,134,96,18
2021-04-14,887,140,183,8
2021-04-15,3266,89,66,15
2021-04-16,4422,295,164,5
2021-04-17,1721,228,186,9
2021-04-18,2424,124,170,6
2021-04-19,1209,88,164,8
2021-04-20,947,118,142,18
2021-04-21,850,173,128,9
2021-04-22,1164,89,56,13
2021-04-23,4215,177,127,13
2021-04-24,4921,257,106,19
2021-04-25,924,63,53,14
2021-04-26,4760,213,109,14
2021-04-27,1701,280,152,10
2021-04-28,4011,173,161,15
2021-04-29,3212,189,54,5
2021-04-30,1173,153,50,8
2021-05-01,2438,125,184,10
2021-05-02,1253,290,165,13
2021-05-03,2473,104,198,18
2021-05-04,4642,214,194,5
2021-05-05,3187,132,114,15
2021-05-06,837,253,117,10
2021-05-07,4096,229,173,10
2021-05-08,4202,212,119,13
2021-05-09,2338,236,161,18
2021-05-10,3434,130,111,16
2021-05-11,4884,78,89,7
2021-05-12,615,187,109,5
2021-05-13,3184,151,77,12
2021-05-14,3746,58,83,14
2021-05-15,3046,195,75,17
2021-05-16,3904,290,192,12
2021-05-17,4458,286,166,5
2021-05-18,3133,270,90,8
2021-05-19,4742,203,164,16
2021-05-20,3320,144,93,6
2021-05-21,2299,173,169,5
2021-05-22,3191,151,88,13
2021-05-23,1572,237,197,5
2021-05-24,3648,173,92,16
2021-05-25,4712,272,199,15
2021-05-26,2017,299,198,11
2021-05-27,2084,109,140,7
2021-05-28,2502,236,181,6
2021-05-29,2727,68,174,8
2021-05-30,3109,62,185,9
2021-05-31,3643,179,54,10
2021-06-01,4005,77,54,6
2021-06-02,4578,60,103,11
2021-06-03,574,245,187,15
2021-06-04,3893,239,127,17
2021-06-05,4104,66,199,14
2021-06-06,3780,77,142,6
2021-06-07,528,174,73,8
2021-06-08,1934,56,162,13
2021-06-09,3403,50,183,7
2021-06-10,3752,57,52,15
2021-06-11,2138,203,50,19
2021-06-12,1277,117,59,11
2021-06-13,3944,109,121,5
2021-06-14,1385,298,199,9
2021-06-15,1112,166,128,9
2021-06-16,4686,214,87,17
2021-06-17,1592,222,140,5
2021-06-18,1117,263,126,8
2021-06-19,2046,163,129,8
2021-06-20,4608,296,196,11
2021-06-21,2773,250,116,19
2021-06-22,2969,161,66,12
2021-06-23,4763,216,125,18
2021-06-24,1428,220,59,11
2021-06-25,1902,275,171,12
2021-06-26,3861,214,123,6
2021-06-27,1422,118,80,15
2021-06-28,599,141,72,11
2021-06-29,2854,63,156,13
2021-06-30,2892,191,70,16
2021-07-01,2108,219,155,7
2021-07-02,1420,122,118,10
2021-07-03,3806,184,160,17
2021-07-04,784,144,129,5
2021-07-05,4230,190,161,7
2021-07-06,2849,148,193,16
2021-07-07,3370,181,127,17
2021-07-08,500,282,187,10
2021-07-09,2686,66,99,14
2021-07-10,2989,55,188,14
2021-07-11,4538,90,163,14
2021-07-12,3463,233,153,8
2021-07-13,1686,207,84,5
2021-07-14,2598,231,94,18
2021-07-15,2568,72,156,18
2021-07-16,2676,151,51,10
2021-07-17,4701,73,50,7
2021-07-18,725,172,189,8
2021-07-19,2307,214,157,15
2021-07-20,3690,285,69,8
2021-07-21,2699,237,135,17
2021-07-22,2432,84,161,16
2021-07-23,4473,248,51,14
2021-07-24,4341,184,132,5
2021-07-25,766,138,112,11
2021-07-26,3578,126,189,15
2021-07-27,1114,67,166,17
2021-07-28,4506,145,153,11
2021-07-29,4927,98,187,6
2021-07-30,1865,87,74,11
2021-07-31,3954,50,118,10
2021-08-01,2918,252,76,11
2021-08-02,3830,163,102,19
2021-08-03,1127,158,157,17
2021-08-04,1468,54,104,7
2021-08-05,4985,145,179,16
2021-08-06,681,238,50,5
2021-08-07,2783,177,65,6
2021-08-08,4789,60,155,13
2021-08-09,3634,79,108,15
2021-08-10,2880,147,167,18
2021-08-11,620,155,185,17
2021-08-12,1025,290,135,5
2021-08-13,722,63,80,9
2021-08-14,4176,69,58,13
2021-08-15,4832,91,115,7
2021-08-16,2653,254,159,18
2021-08-17,3785,222,58,17
2021-08-18,4090,101,99,12
2021-08-19,4132,157,166,13
2021-08-20,2076,194,114,5
2021-08-21,1422,298,141,11
2021-08-22,4057,292,100,15
2021-08-23,3609,215,121,9
2021-08-24,4691,64,76,5
2021-08-25,3044,214,192,10
2021-08-26,562,164,171,12
2021-08-27,2942,182,69,6
2021-08-28,2944,292,176,7
2021-08-29,2523,97,186,5
2021-08-30,650,178,89,15
2021-08-31,903,99,73,16
2021-09-01,2937,215,127,13
2021-09-02,3352,253,90,14
2021-09-03,627,94,179,10
2021-09-04,2008,119,139,11
2021-09-05,2297,154,80,11
2021-09-06,3008,288,130,8
2021-09-07,4325,66,174,7
2021-09-08,1607,66,112,18
2021-09-09,4480,60,125,17
2021-09-10,2522,55,153,17
2021-09-11,1659,201,121,15
2021-09-12,3752,225,152,17
2021-09-13,1092,117,87,9
2021-09-14,1524,216,93,19
2021-09-15,4299,290,123,6
2021-09-16,4215,68,194,16
2021-09-17,2871,144,181,19
2021-09-18,3716,258,89,19
2021-09-19,2404,81,53,19
2021-09-20,1981,220,108,13
2021-09-21,616,97,179,16
2021-09-22,1241,71,53,11
2021-09-23,1324,275,61,7
2021-09-24,2409,105,181,14
2021-09-25,4093,124,160,10
2021-09-26,2627,158,190,15
2021-09-27,1242,81,146,16
2021-09-28,917,133,100,6
2021-09-29,2424,116,50,11
2021-09-30,3460,197,104,14
2021-10-01,2776,209,104,11
2021-10-02,2363,164,161,16
2021-10-03,2914,69,137,18
2021-10-04,507,89,115,5
2021-10-05,1290,217,63,18
2021-10-06,2390,111,80,18
2021-10-07,2706,147,135,19
2021-10-08,2282,222,131,8
2021-10-09,2116,294,184,14
2021-10-10,1679,286,74,12
2021-10-11,1126,232,84,14
2021-10-12,4571,272,154,5
2021-10-13,1298,172,152,11
2021-10-14,2638,281,55,13
2021-10-15,3114,240,88,19
2021-10-16,2373,254,178,7
2021-10-17,937,194,109,15
2021-10-18,3585,130,123,14
2021-10-19,3836,184,78,15
2021-10-20,2245,246,193,13
2021-10-21,2928,95,86,18
2021-10-22,600,262,185,15
2021-10-23,1909,208,91,15
2021-10-24,1265,126,78,6
2021-10-25,4826,173,176,16
2021-10-26,3210,231,102,8
2021-10-27,3602,211,168,9
2021-10-28,2296,140,136,9
2021-10-29,3134,196,107,18
2021-10-30,623,184,73,6
2021-10-31,3289,170,174,6
2021-11-01,2129,180,118,10
2021-11-02,2736,204,114,16
2021-11-03,1733,288,195,14
2021-11-04,1820,75,118,11
2021-11-05,3038,63,180,13
2021-11-06,2002,241,153,6
2021-11-07,3089,269,178,15
2021-11-08,4249,112,59,14
2021-11-09,4978,107,125,16
2021-11-10,2764,87,102,5
2021-11-11,1008,223,150,17
2021-11-12,3637,199,155,5
2021-11-13,3772,157,98,5
2021-11-14,1908,298,86,7
2021-11-15,1611,119,182,13
2021-11-16,4377,299,89,6
2021-11-17,2995,99,92,16
2021-11-18,2958,75,179,5
2021-11-19,2027,62,92,19
2021-11-20,3011,102,92,13
2021-11-21,1625,120,158,6
2021-11-22,1821,225,96,19
2021-11-23,2437,123,159,11
2021-11-24,4452,188,155,18
2021-11-25,3615,122,90,5
2021-11-26,1634,268,158,17
2021-11-27,4025,194,162,13
2021-11-28,4970,145,130,13
2021-11-29,3463,144,142,5
2021-11-30,3937,279,113,17
2021-12-01,2667,88,94,17
2021-12-02,4878,226,175,19
2021-12-03,1060,238,180,17
2021-12-04,3771,56,72,17
2021-12-05,4835,290,174,13
2021-12-06,3242,248,133,14
2021-12-07,4952,169,185,8
2021-12-08,2374,51,103,8
2021-12-09,1929,161,112,5
2021-12-10,3062,241,58,15
2021-12-11,3836,243,91,16
2021-12-12,2809,175,167,12
2021-12-13,3866,71,105,9
2021-12-14,1112,96,118,7
2021-12-15,2153,50,97,6
2021-12-16,1071,264,57,18
2021-12-17,4248,214,106,11
2021-12-18,1401,204,135,15
2021-12-19,2809,198,136,14
2021-12-20,4247,134,120,7
2021-12-21,1789,281,69,8
2021-12-22,4587,84,120,9
2021-12-23,3596,291,146,14
2021-12-24,2130,160,151,14
2021-12-25,3958,111,136,12
2021-12-26,4471,208,155,7
2021-12-27,4161,205,71,17
2021-12-28,1791,278,189,5
2021-12-29,897,123,117,6
2021-12-30,3032,122,199,11
2021-12-31,2629,102,119,17
2022-01-01,1678,134,51,13
2022-01-02,4538,201,157,19
2022-01-03,2211,112,153,19
2022-01-04,4488,98,101,12
2022-01-05,2989,281,144,14
2022-01-06,1669,237,101,17
2022-01-07,4557,93,143,12
2022-01-08,3816,220,182,18
2022-01-09,683,191,170,6
2022-01-10,3768,298,198,19
2022-01-11,4707,161,66,8
2022-01-12,3327,299,103,17
2022-01-13,4566,59,198,7
2022-01-14,2786,205,93,12
2022-01-15,2849,140,134,7
2022-01-16,3322,279,65,18
2022-01-17,4428,84,147,13
2022-01-18,3041,120,74,12
2022-01-19,3098,219,138,11
2022-01-20,4647,287,154,8
2022-01-21,1540,87,141,10
2022-01-22,4302,56,111,5
2022-01-23,2382,108,181,15
2022-01-24,1145,135,197,9
2022-01-25,4539,53,190,10
2022-01-26,1943,125,164,16
2022-01-27,3239,284,94,14
2022-01-28,3930,61,124,11
2022-01-29,1261,207,187,18
2022-01-30,1447,128,167,10
2022-01-31,4497,261,191,6
2022-02-01,1125,76,119,17
2022-02-02,895,157,185,11
2022-02-03,2999,130,91,15
2022-02-04,4462,213,160,18
2022-02-05,3883,102,194,10
2022-02-06,3055,195,89,5
2022-02-07,3689,130,85,15
2022-02-08,4557,188,156,17
2022-02-09,3808,299,78,15
2022-02-10,4599,238,167,19
2022-02-11,665,251,131,13
2022-02-12,1915,149,87,13
2022-02-13,2321,203,51,8
2022-02-14,1602,177,80,18
2022-02-15,4351,204,84,12
2022-02-16,3517,101,166,16
2022-02-17,1023,129,53,16
2022-02-18,3183,77,139,19
2022-02-19,603,182,51,10
2022-02-20,1199,152,148,7
2022-02-21,4265,263,99,18
2022-02-22,948,153,153,14
2022-02-23,4300,291,90,15
2022-02-24,3967,231,132,10
2022-02-25,3024,73,91,5
2022-02-26,3397,286,104,16
2022-02-27,3587,280,142,9
2022-02-28,631,157,177,14
2022-03-01,3020,157,91,11
2022-03-02,713,72,88,7
2022-03-03,3856,142,190,11
2022-03-04,4398,288,75,6
2022-03-05,4297,93,103,9
2022-03-06,2114,56,141,18
2022-03-07,3427,191,127,12
2022-03-08,1333,255,167,8
2022-03-09,1791,195,186,16
2022-03-10,1805,218,96,12
2022-03-11,1883,175,168,5
2022-03-12,1358,272,135,10
2022-03-13,3570,246,72,18
2022-03-14,1156,68,64,7
2022-03-15,3829,290,50,13
2022-03-16,3076,180,187,14
2022-03-17,3093,77,83,17
2022-03-18,3605,186,90,10
2022-03-19,2010,285,185,17
2022-03-20,1308,257,67,18
2022-03-21,2876,101,176,5
2022-03-22,2753,265,60,11
2022-03-23,1630,225,93,5
2022-03-24,1095,113,175,6
2022-03-25,1940,208,69,8
2022-03-26,824,63,184,9
2022-03-27,1162,142,55,18
2022-03-28,579,224,121,11
2022-03-29,583,192,74,19
2022-03-30,3367,292,172,18
2022-03-31,3968,224,91,5
2022-04-01,3233,223,56,12
2022-04-02,2141,147,170,18
2022-04-03,1348,54,101,9
2022-04-04,3642,166,74,8
2022-04-05,4306,188,81,17
2022-04-06,2231,166,198,8
2022-04-07,1860,113,196,8
2022-04-08,1653,68,85,7
2022-04-09,2342,278,138,6
2022-04-10,863,250,141,17
2022-04-11,2886,169,94,8
2022-04-12,1197,108,150,17
2022-04-13,3978,251,68,13
2022-04-14,1411,288,128,6
2022-04-15,4112,191,57,14
2022-04-16,3899,62,61,13
2022-04-17,4909,207,108,13
2022-04-18,3374,128,88,9
2022-04-19,2764,154,84,11
2022-04-20,2817,127,120,15
2022-04-21,578,187,181,17
2022-04-22,3872,224,173,17
2022-04-23,3663,238,141,8
2022-04-24,2545,126,75,11
2022-04-25,2123,279,50,17
2022-04-26,2113,207,157,14
2022-04-27,1010,159,175,10
2022-04-28,4706,125,162,15
2022-04-29,2597,286,93,13
2022-04-30,2891,283,157,14
2022-05-01,1998,163,92,5
2022-05-02,2276,202,143,12
2022-05-03,1718,109,51,16
2022-05-04,2821,250,73,11
2022-05-05,1844,193,138,9
2022-05-06,736,232,139,16
2022-05-07,2627,210,119,13
2022-05-08,1686,286,130,9
2022-05-09,4252,258,145,10
2022-05-10,3562,292,147,10
2022-05-11,873,165,81,11
2022-05-12,3732,158,102,17
2022-05-13,2974,164,114,12
2022-05-14,1907,163,58,8
2022-05-15,1111,61,74,13
2022-05-16,4495,65,120,15
2022-05-17,2852,75,125,16
2022-05-18,2174,71,112,14
2022-05-19,1797,200,151,6
2022-05-20,2833,259,121,6
2022-05-21,2159,270,75,13
2022-05-22,4049,141,92,6
2022-05-23,3195,158,183,19
2022-05-24,3133,250,182,14
2022-05-25,4043,141,92,17
2022-05-26,4997,270,62,17
2022-05-27,743,281,66,9
2022-05-28,3081,157,119,13
2022-05-29,3715,153,63,14
2022-05-30,3300,149,61,8
2022-05-31,2181,208,156,6
2022-06-01,3547,294,89,11
2022-06-02,1297,219,50,9
2022-06-03,3003,296,162,18
2022-06-04,2774,187,169,14
2022-06-05,4216,168,176,17
2022-06-06,945,102,144,14
2022-06-07,1624,93,171,10
2022-06-08,4628,131,160,5
2022-06-09,3653,228,111,19
2022-06-10,2155,194,136,12
2022-06-11,2922,114,97,15
2022-06-12,2281,76,186,11
2022-06-13,1807,185,53,11
2022-06-14,2131,232,150,12
2022-06-15,2556,132,110,7
2022-06-16,3884,236,109,6
2022-06-17,2515,125,138,16
2022-06-18,686,107,138,6
2022-06-19,4466,236,149,10
2022-06-20,4549,254,115,19
2022-06-21,2659,63,134,14
2022-06-22,4540,250,57,7
2022-06-23,4843,282,136,6
2022-06-24,1504,68,94,14
2022-06-25,3456,195,82,17
2022-06-26,4296,220,83,6
2022-06-27,4671,94,127,19
2022-06-28,3793,276,179,9
2022-06-29,1564,253,53,5
2022-06-30,712,137,112,8
2022-07-01,1633,120,150,14
2022-07-02,4699,256,77,11
2022-07-03,1080,96,148,17
2022-07-04,994,104,159,10
2022-07-05,1387,228,130,10
2022-07-06,4569,93,164,9
2022-07-07,4580,115,65,12
2022-07-08,3096,256,130,19
2022-07-09,4932,151,150,18
2022-07-10,3014,56,57,10
2022-07-11,665,171,90,6
2022-07-12,1234,225,88,7
2022-07-13,873,222,159,7
2022-07-14,2018,59,87,6
2022-07-15,3757,53,163,6
2022-07-16,4861,187,151,15
2022-07-17,3285,173,136,6
2022-07-18,1700,294,99,14
2022-07-19,4282,84,80,15
2022-07-20,3047,272,121,9
2022-07-21,4954,51,103,13
2022-07-22,3994,88,153,14
2022-07-23,535,256,186,7
2022-07-24,560,258,68,10
2022-07-25,2321,144,75,12
2022-07-26,4751,228,52,6
2022-07-27,1557,191,154,6
2022-07-28,4458,136,153,17
2022-07-29,1935,96,147,12
2022-07-30,3800,277,53,5
2022-07-31,556,137,76,6
2022-08-01,4318,87,161,11
2022-08-02,3089,143,163,13
2022-08-03,2789,287,165,11
2022-08-04,3473,284,115,15
2022-08-05,1457,140,156,12
2022-08-06,2094,132,132,12
2022-08-07,4710,264,121,7
2022-08-08,3844,56,119,10
2022-08-09,4440,124,108,16
2022-08-10,2561,221,151,9
2022-08-11,1269,51,197,7
2022-08-12,4335,251,84,18
2022-08-13,4854,268,138,6
2022-08-14,2358,226,144,14
2022-08-15,2695,129,178,11
2022-08-16,3048,195,159,15
2022-08-17,4334,69,97,8
2022-08-18,4242,197,170,18
2022-08-19,2075,115,54,9
2022-08-20,3493,205,114,10
2022-08-21,1806,293,110,11
2022-08-22,4967,278,118,8
2022-08-23,1664,213,55,12
2022-08-24,3813,59,72,13
2022-08-25,1460,283,133,17
2022-08-26,2805,63,126,9
2022-08-27,3992,231,111,6
2022-08-28,4446,120,82,17
2022-08-29,2034,266,80,17
2022-08-30,3246,60,134,19
2022-08-31,3280,171,198,14
2022-09-01,1729,93,119,9
2022-09-02,1833,151,138,12
2022-09-03,2234,183,199,8
2022-09-04,4099,218,120,17
2022-09-05,1681,294,63,7
2022-09-06,3504,65,129,19
2022-09-07,3014,64,161,12
2022-09-08,3345,263,93,9
2022-09-09,2583,50,117,9
2022-09-10,3847,85,59,13
2022-09-11,4484,147,104,5
2022-09-12,4107,192,138,12
2022-09-13,4951,56,172,18
2022-09-14,2230,138,105,12
2022-09-15,4677,296,99,16
2022-09-16,3488,53,70,13
2022-09-17,2586,118,111,10
2022-09-18,862,151,90,16
2022-09-19,2403,282,176,18
2022-09-20,4367,145,117,5
2022-09-21,1959,205,87,5
2022-09-22,2954,164,181,19
2022-09-23,3225,283,83,14
2022-09-24,1042,117,139,16
2022-09-25,2299,84,72,18
2022-09-26,739,219,116,17
2022-09-27,2942,63,107,13
2022-09-28,3393,177,108,16
2022-09-29,2438,163,170,12
2022-09-30,560,195,97,17
2022-10-01,524,156,83,13
2022-10-02,4756,218,168,7
2022-10-03,3936,287,57,9
2022-10-04,867,252,79,11
2022-10-05,4712,88,70,5
2022-10-06,2520,92,83,12
2022-10-07,4612,117,163,13
2022-10-08,4572,77,170,10
2022-10-09,2756,238,60,9
2022-10-10,1314,193,126,8
2022-10-11,3154,292,97,14
2022-10-12,2376,212,180,10
2022-10-13,4363,278,103,13
2022-10-14,4227,284,119,8
2022-10-15,4768,153,197,12
2022-10-16,2091,228,178,15
2022-10-17,3983,94,195,18
2022-10-18,4299,134,160,17
2022-10-19,4161,102,108,16
2022-10-20,932,203,190,11
2022-10-21,2507,253,129,16
2022-10-22,3410,222,168,8
2022-10-23,877,131,134,14
2022-10-24,4827,183,172,6
2022-10-25,1381,133,185,18
2022-10-26,2320,249,160,10
2022-10-27,3816,118,73,7
2022-10-28,2616,145,70,11
2022-10-29,3004,143,119,13
2022-10-30,870,156,57,6
2022-10-31,2084,292,86,18
2022-11-01,2135,141,161,14
2022-11-02,2619,210,187,14
2022-11-03,3061,285,75,14
2022-11-04,629,219,83,10
2022-11-05,4795,260,114,19
2022-11-06,4237,207,133,18
2022-11-07,1624,191,52,12
2022-11-08,3137,292,66,15
2022-11-09,3750,158,176,16
2022-11-10,1935,187,137,17
2022-11-11,4692,104,111,11
2022-11-12,2079,186,108,9
2022-11-13,4359,75,164,8
2022-11-14,1825,211,75,13
2022-11-15,600,67,172,12
2022-11-16,4932,291,195,15
2022-11-17,4708,225,90,15
2022-11-18,3806,66,110,14
2022-11-19,872,99,131,16
2022-11-20,4488,112,161,14
2022-11-21,3668,121,74,9
2022-11-22,2006,144,83,12
2022-11-23,4937,258,59,12
2022-11-24,1526,136,87,9
2022-11-25,4027,215,152,16
2022-11-26,2751,59,189,11
2022-11-27,743,224,66,17
2022-11-28,874,190,133,18
2022-11-29,4661,138,111,7
2022-11-30,3012,175,172,12
2022-12-01,4806,167,171,14
2022-12-02,3970,200,162,15
2022-12-03,1301,234,59,16
2022-12-04,3292,128,92,8
2022-12-05,4971,95,76,17
2022-12-06,4483,83,169,5
2022-12-07,2528,240,168,12
2022-12-08,1943,54,92,10
2022-12-09,3285,119,112,12
2022-12-10,1445,175,61,5
2022-12-11,1348,126,175,8
2022-12-12,4780,219,80,15
2022-12-13,819,190,136,18
2022-12-14,1966,50,79,6
2022-12-15,3678,247,82,5
2022-12-16,3015,200,90,13
2022-12-17,2593,283,168,7
2022-12-18,2098,147,192,16
2022-12-19,3594,227,52,9
2022-12-20,4221,165,83,18
2022-12-21,1856,115,92,15
2022-12-22,2718,188,86,8
2022-12-23,1259,248,178,10
2022-12-24,4996,172,100,18
2022-12-25,3887,66,88,14
2022-12-26,4869,249,105,8
2022-12-27,1840,205,62,9
2022-12-28,1377,88,175,8
2022-12-29,4777,157,65,8
2022-12-30,581,134,76,12
2022-12-31,4113,219,66,11
2023-01-01,2746,260,132,15
2023-01-02,4624,165,181,9
2023-01-03,4523,284,108,17
2023-01-04,4774,248,152,13
2023-01-05,4170,216,121,13
2023-01-06,2302,212,107,6
2023-01-07,4127,163,198,6
2023-01-08,3503,252,162,17
2023-01-09,1938,153,116,10
2023-01-10,1666,90,110,18
2023-01-11,2535,90,60,16
2023-01-12,1580,205,101,5
2023-01-13,2396,144,148,14
2023-01-14,2691,214,50,9
2023-01-15,1131,148,120,11
2023-01-16,3549,109,63,8
2023-01-17,2856,139,75,7
2023-01-18,3659,205,141,8
2023-01-19,3478,234,97,5
2023-01-20,937,177,119,10
2023-01-21,3320,236,155,16
2023-01-22,4463,81,73,5
2023-01-23,2702,98,74,7
2023-01-24,1992,285,71,16
2023-01-25,2937,176,63,7
2023-01-26,2821,181,116,13
2023-01-27,2488,114,179,13
2023-01-28,2860,87,108,5
2023-01-29,2708,297,102,18
2023-01-30,837,217,178,17
2023-01-31,573,62,176,13
2023-02-01,1240,134,64,12
2023-02-02,2898,253,150,6
2023-02-03,3901,126,185,16
2023-02-04,4960,170,98,18
2023-02-05,3748,164,123,11
2023-02-06,1239,269,158,11
2023-02-07,3915,225,99,17
2023-02-08,916,107,54,7
2023-02-09,2860,199,66,7
2023-02-10,912,158,194,6
2023-02-11,4767,62,113,8
2023-02-12,678,289,194,18
2023-02-13,3362,195,154,14
2023-02-14,2656,217,52,19
2023-02-15,2969,209,82,10
2023-02-16,3180,161,120,16
2023-02-17,2550,207,72,19
2023-02-18,1285,233,171,10
2023-02-19,4739,243,176,7
2023-02-20,1207,87,54,6
2023-02-21,1865,50,54,11
2023-02-22,3665,73,125,7
2023-02-23,1323,191,125,16
2023-02-24,2725,186,126,14
2023-02-25,1144,262,187,10
2023-02-26,589,103,85,6
2023-02-27,2791,260,184,17
2023-02-28,4195,130,81,9
2023-03-01,3693,63,77,8
2023-03-02,3156,186,60,8
2023-03-03,2895,184,151,6
2023-03-04,3352,205,129,10
2023-03-05,1907,215,76,9
2023-03-06,887,213,119,8
2023-03-07,2182,90,82,14
2023-03-08,705,204,87,18
2023-03-09,2599,144,132,8
2023-03-10,2816,254,127,12
2023-03-11,3414,235,116,13
2023-03-12,4178,95,178,19
2023-03-13,4292,130,114,9
2023-03-14,2613,108,187,8
2023-03-15,2636,201,112,18
2023-03-16,665,292,53,18
2023-03-17,934,284,183,7
2023-03-18,2468,250,131,14
2023-03-19,1728,297,68,14
2023-03-20,1528,296,95,17
2023-03-21,1698,258,114,9
2023-03-22,4482,295,167,18
2023-03-23,3813,175,88,14
2023-03-24,3906,68,158,18
2023-03-25,4088,252,67,10
2023-03-26,1474,193,196,8
2023-03-27,1727,280,184,19
2023-03-28,3082,175,104,9
2023-03-29,1992,138,178,9
2023-03-30,4267,278,87,14
2023-03-31,1654,289,86,6
2023-04-01,2161,114,185,8
2023-04-02,2164,181,95,6
2023-04-03,3923,268,189,13
2023-04-04,684,198,182,18
2023-04-05,4282,289,88,16
2023-04-06,2738,225,174,18
2023-04-07,3265,240,90,7
2023-04-08,2176,147,112,16
2023-04-09,793,74,120,13
2023-04-10,4551,260,130,15
2023-04-11,2863,90,99,16
2023-04-12,4935,187,58,6
2023-04-13,4380,122,71,15
2023-04-14,1884,249,100,19
2023-04-15,4579,270,194,17
2023-04-16,4369,289,135,11
2023-04-17,1576,91,60,14
2023-04-18,3198,69,186,16
2023-04-19,4296,264,156,6
2023-04-20,1140,117,95,6
2023-04-21,4251,297,198,6
2023-04-22,4634,256,54,9
2023-04-23,2006,177,98,14
2023-04-24,693,169,74,9
2023-04-25,1646,116,153,16
2023-04-26,3237,265,93,12
2023-04-27,4827,285,66,5
2023-04-28,1845,74,107,17
2023-04-29,1865,134,55,6
2023-04-30,2982,213,173,12
2023-05-01,1850,172,58,17
2023-05-02,3162,224,83,12
2023-05-03,2537,82,104,11
2023-05-04,984,84,114,7
2023-05-05,2699,92,52,16
2023-05-06,2670,142,137,14
2023-05-07,2630,87,116,19
2023-05-08,589,278,95,19
2023-05-09,1250,132,198,7
2023-05-10,3685,105,185,15
2023-05-11,655,156,74,17
2023-05-12,2037,85,149,7
2023-05-13,2813,281,112,12
2023-05-14,4711,149,144,6
2023-05-15,2373,115,199,18
2023-05-16,4991,143,137,15
2023-05-17,2795,198,195,19
2023-05-18,4077,279,119,11
2023-05-19,554,149,177,12
2023-05-20,1816,96,53,11
2023-05-21,3698,148,139,7
2023-05-22,519,141,199,17
2023-05-23,1507,112,184,6
2023-05-24,4281,112,72,18
2023-05-25,708,291,73,13
2023-05-26,3204,128,135,8
2023-05-27,2733,156,126,5
2023-05-28,2644,208,110,13
2023-05-29,2826,141,188,14
2023-05-30,1916,101,91,12
2023-05-31,2384,54,119,14
2023-06-01,1693,246,165,7
2023-06-02,2366,184,140,8
2023-06-03,602,283,166,17
2023-06-04,2128,91,194,6
2023-06-05,2656,53,179,14
2023-06-06,1407,217,128,15
2023-06-07,591,286,59,8
2023-06-08,2341,150,113,19
2023-06-09,1947,205,113,10
2023-06-10,3418,191,149,9
2023-06-11,1597,94,186,16
2023-06-12,2380,50,106,8
2023-06-13,4736,124,165,7
2023-06-14,3292,271,154,18
2023-06-15,1749,128,127,11
2023-06-16,4399,178,94,5
2023-06-17,4099,50,64,14
2023-06-18,1528,146,191,13
2023-06-19,2216,166,108,19
2023-06-20,4411,61,184,5
2023-06-21,2876,79,157,13
2023-06-22,3833,183,122,15
2023-06-23,1051,119,101,9
2023-06-24,835,235,64,18
2023-06-25,4419,80,160,8
2023-06-26,4381,68,78,11
2023-06-27,1162,156,144,13
2023-06-28,1741,66,58,9
2023-06-29,1297,169,157,7
2023-06-30,2301,131,106,9
2023-07-01,3967,253,129,10
2023-07-02,3441,59,148,12
2023-07-03,3419,187,87,7
2023-07-04,4294,268,152,8
2023-07-05,755,126,151,6
2023-07-06,1835,242,55,14
2023-07-07,2046,281,192,16
2023-07-08,2177,206,189,18
2023-07-09,4651,296,194,11
2023-07-10,907,127,126,15
2023-07-11,1881,137,148,6
2023-07-12,2111,236,114,11
2023-07-13,2409,171,170,10
2023-07-14,4748,226,107,18
2023-07-15,3909,205,194,5
2023-07-16,3718,157,177,12
2023-07-17,4659,203,182,12
2023-07-18,2065,262,150,10
2023-07-19,3493,161,53,15
2023-07-20,2910,126,183,14
2023-07-21,4699,74,100,6
2023-07-22,3839,55,177,5
2023-07-23,812,84,95,8
2023-07-24,1812,126,65,14
2023-07-25,873,237,167,18
2023-07-26,1333,93,141,13
2023-07-27,2573,257,175,17
2023-07-28,4544,109,61,8
2023-07-29,3468,71,177,7
2023-07-30,4743,278,84,16
2023-07-31,1448,291,63,6
2023-08-01,3004,158,185,6
2023-08-02,4642,62,149,13
2023-08-03,4631,162,132,11
2023-08-04,2757,148,160,6
2023-08-05,1675,183,90,16
2023-08-06,2609,70,115,18
2023-08-07,1705,174,77,5
2023-08-08,2658,209,193,17
2023-08-09,1179,148,193,17
2023-08-10,1758,73,91,18
2023-08-11,2401,69,56,18
2023-08-12,3487,135,176,19
2023-08-13,1094,97,106,17
2023-08-14,1986,56,184,5
2023-08-15,601,118,128,8
2023-08-16,2924,251,184,13
2023-08-17,4780,74,83,18
2023-08-18,2582,225,177,11
2023-08-19,1486,210,176,7
2023-08-20,1023,252,96,13
2023-08-21,3168,268,177,6
2023-08-22,3711,269,76,17
2023-08-23,2908,66,101,13
2023-08-24,4466,276,96,19
2023-08-25,3749,200,145,7
2023-08-26,4544,175,185,14
2023-08-27,4542,78,89,16
2023-08-28,3711,78,55,12
2023-08-29,4032,163,151,13
2023-08-30,3301,256,95,17
2023-08-31,2916,151,62,14
2023-09-01,2046,139,187,5
2023-09-02,1270,183,63,6
2023-09-03,1901,116,137,6
2023-09-04,575,213,74,6
2023-09-05,2466,253,187,7
2023-09-06,3623,229,118,13
2023-09-07,4509,127,136,19
2023-09-08,4590,277,151,12
2023-09-09,4215,234,154,11
2023-09-10,2820,273,103,18
2023-09-11,4378,272,148,6
2023-09-12,4856,55,191,13
2023-09-13,1415,79,62,6
2023-09-14,3716,141,79,12
2023-09-15,2930,299,62,9
2023-09-16,1164,231,98,13
2023-09-17,1791,243,85,13
2023-09-18,650,111,84,9
2023-09-19,4144,282,108,5
2023-09-20,1743,204,179,12
2023-09-21,2088,78,195,14
2023-09-22,2892,281,59,7
2023-09-23,3465,217,194,5
2023-09-24,2963,147,117,11
2023-09-25,1255,155,97,17
2023-09-26,4234,225,138,15
2023-09-27,4208,159,108,19
2023-09-28,1822,210,86,13
2023-09-29,3283,171,62,10
2023-09-30,810,54,76,12
2023-10-01,3142,232,52,14
2023-10-02,4363,178,72,18
2023-10-03,801,61,96,8
2023-10-04,2471,229,133,10
2023-10-05,1839,149,68,16
2023-10-06,2464,246,84,15
2023-10-07,1678,76,145,17
2023-10-08,4204,65,50,5
2023-10-09,3177,291,98,8
2023-10-10,916,270,181,18
2023-10-11,2322,156,61,16
2023-10-12,3899,194,162,5
2023-10-13,4692,166,90,13
2023-10-14,2225,120,52,9
2023-10-15,1013,298,109,19
2023-10-16,4074,145,60,13
2023-10-17,2913,52,182,8
2023-10-18,3690,67,159,5
2023-10-19,3022,292,177,14
2023-10-20,1539,115,140,11
2023-10-21,1726,210,157,8
2023-10-22,4251,275,58,15
2023-10-23,606,216,87,17
2023-10-24,4852,118,152,8
2023-10-25,2117,144,141,5
2023-10-26,3758,54,69,11
2023-10-27,3584,129,85,17
2023-10-28,931,177,174,17
2023-10-29,1290,71,124,10
2023-10-30,4968,171,99,7
2023-10-31,2518,165,196,10
2023-11-01,4382,152,54,6
2023-11-02,3896,60,99,6
2023-11-03,4462,66,63,19
2023-11-04,1330,52,194,13
2023-11-05,4376,96,154,14
2023-11-06,4423,239,111,9
2023-11-07,2720,224,148,18
2023-11-08,1221,160,67,5
2023-11-09,2788,82,74,14
2023-11-10,698,281,143,13
2023-11-11,762,201,116,9
2023-11-12,4004,239,96,12
2023-11-13,4673,179,59,10
2023-11-14,2941,86,157,12
2023-11-15,969,139,76,9
2023-11-16,2358,58,70,8
2023-11-17,1688,97,156,6
2023-11-18,784,141,116,14
2023-11-19,1470,50,102,15
2023-11-20,2038,213,89,6
2023-11-21,2969,76,133,13
2023-11-22,2258,240,166,5
2023-11-23,4549,161,185,11
2023-11-24,2039,230,81,19
2023-11-25,611,284,146,10
2023-11-26,2279,200,105,17
2023-11-27,2481,209,186,11
2023-11-28,3038,179,94,5
2023-11-29,4624,143,103,15
2023-11-30,2327,53,88,9
2023-12-01,809,53,93,17
2023-12-02,4366,148,58,11
2023-12-03,3941,166,170,9
2023-12-04,4386,214,82,18
2023-12-05,4793,220,66,6
2023-12-06,627,160,167,5
2023-12-07,671,70,125,14
2023-12-08,1607,283,129,16
2023-12-09,4658,183,101,9
2023-12-10,3774,266,160,8
2023-12-11,1743,133,110,14
2023-12-12,3412,232,68,19
2023-12-13,4762,279,90,13
2023-12-14,4327,53,54,17
2023-12-15,3954,133,188,8
2023-12-16,4309,201,147,18
2023-12-17,4401,98,136,12
2023-12-18,4381,144,160,12
2023-12-19,2903,208,134,19
2023-12-20,2798,267,183,8
2023-12-21,3292,185,108,17
2023-12-22,779,220,149,7
2023-12-23,1646,190,153,9
2023-12-24,4412,54,189,18
2023-12-25,4125,290,58,18
2023-12-26,3809,205,171,12
2023-12-27,1315,254,76,19
2023-12-28,2179,161,154,12
2023-12-29,3154,252,145,16
2023-12-30,2521,221,100,14
2023-12-31,1310,231,69,11
